{"cameraMode":{"drawMode":0,"name":"Shaded","section":"Shading Mode"},"sceneLighting":true,"audioPlay":false,"sceneViewState":{"showFog":true,"showMaterialUpdate":true,"showSkybox":true,"showFlares":true,"showImageEffects":true,"showParticleSystems":true},"in2DMode":false,"pivot":{"x":-51.69264221191406,"y":-21.47863006591797,"z":29.450668334960939},"rotation":{"x":-0.14757205545902253,"y":0.45195236802101138,"z":-0.07609710097312927,"w":-0.876452624797821},"size":37.802486419677737,"orthographic":false}